[
  {
    "codigo": "261010001",
    "nome": "Lewis Hamilton",
    "turma": "1A",
    "turno": "Manhã",
    "foto": "semfoto.jpg",
    "data_hora": "02/02/2026 20:37:25",
    "tipo_acesso": "Acesso"
  },
  {
    "codigo": "262010001",
    "nome": "Charles Leclerc",
    "turma": "2D",
    "turno": "Tarde",
    "foto": "semfoto.jpg",
    "data_hora": "02/02/2026 20:37:27",
    "tipo_acesso": "Acesso"
  },
  {
    "codigo": "261030001",
    "nome": "George Russell",
    "turma": "2A",
    "turno": "Manhã",
    "foto": "semfoto.jpg",
    "data_hora": "02/02/2026 20:37:29",
    "tipo_acesso": "Acesso"
  },
  {
    "codigo": "263010001",
    "nome": "Esteban Ocon",
    "turma": "2E",
    "turno": "Noite",
    "foto": "semfoto.jpg",
    "data_hora": "02/02/2026 20:37:30",
    "tipo_acesso": "Acesso"
  },
  {
    "codigo": "262060001",
    "nome": "Fernando Alonso",
    "turma": "3B",
    "turno": "Tarde",
    "foto": "semfoto.jpg",
    "data_hora": "02/02/2026 20:37:31",
    "tipo_acesso": "Acesso"
  },
  {
    "codigo": "263080001",
    "nome": "Pierre Gasly",
    "turma": "2F",
    "turno": "Noite",
    "foto": "semfoto.jpg",
    "data_hora": "02/02/2026 20:37:32",
    "tipo_acesso": "Acesso"
  },
  {
    "codigo": "261030002",
    "nome": "Alexander Albon",
    "turma": "1C",
    "turno": "Manhã",
    "foto": "semfoto.jpg",
    "data_hora": "02/02/2026 20:37:33",
    "tipo_acesso": "Acesso"
  },
  {
    "codigo": "261020001",
    "nome": "Max Verstappen",
    "turma": "1B",
    "turno": "Manhã",
    "foto": "semfoto.jpg",
    "data_hora": "02/02/2026 20:38:19",
    "tipo_acesso": "Acesso"
  },
  {
    "codigo": "261050001",
    "nome": "Lando Norris",
    "turma": "3A",
    "turno": "Manhã",
    "foto": "semfoto.jpg",
    "data_hora": "02/02/2026 20:38:22",
    "tipo_acesso": "Acesso"
  },
  {
    "codigo": "263030001",
    "nome": "Sergio Perez",
    "turma": "2C",
    "turno": "Noite",
    "foto": "semfoto.jpg",
    "data_hora": "02/02/2026 20:38:24",
    "tipo_acesso": "Acesso"
  },
  {
    "codigo": "262040001",
    "nome": "Carlos Sainz",
    "turma": "2B",
    "turno": "Tarde",
    "foto": "semfoto.jpg",
    "data_hora": "02/02/2026 20:38:26",
    "tipo_acesso": "Acesso"
  },
  {
    "codigo": "262040002",
    "nome": "Oscar Piastri",
    "turma": "1D",
    "turno": "Tarde",
    "foto": "semfoto.jpg",
    "data_hora": "02/02/2026 20:38:28",
    "tipo_acesso": "Acesso"
  },
  {
    "codigo": "263050001",
    "nome": "Yuki Tsunoda",
    "turma": "1E",
    "turno": "Noite",
    "foto": "semfoto.jpg",
    "data_hora": "02/02/2026 20:38:29",
    "tipo_acesso": "Acesso"
  },
  {
    "codigo": "262110001",
    "nome": "Nico Hulkenberg",
    "turma": "2G",
    "turno": "Tarde",
    "foto": "semfoto.jpg",
    "data_hora": "02/02/2026 20:38:30",
    "tipo_acesso": "Acesso"
  },
  {
    "codigo": "261140001",
    "nome": "Kevin Magnussen",
    "turma": "3D",
    "turno": "Manhã",
    "foto": "semfoto.jpg",
    "data_hora": "02/02/2026 20:38:31",
    "tipo_acesso": "Acesso"
  },
  {
    "codigo": "263130001",
    "nome": "Lance Stroll",
    "turma": "3C",
    "turno": "Noite",
    "foto": "semfoto.jpg",
    "data_hora": "02/02/2026 20:38:31",
    "tipo_acesso": "Acesso"
  },
  {
    "codigo": "261170001",
    "nome": "Daniel Ricciardo",
    "turma": "3E",
    "turno": "Manhã",
    "foto": "semfoto.jpg",
    "data_hora": "02/02/2026 20:38:33",
    "tipo_acesso": "Acesso"
  },
  {
    "codigo": "262130001",
    "nome": "Valtteri Bottas",
    "turma": "2H",
    "turno": "Tarde",
    "foto": "semfoto.jpg",
    "data_hora": "02/02/2026 20:38:34",
    "tipo_acesso": "Acesso"
  },
  {
    "codigo": "263060001",
    "nome": "Zhou Guanyu",
    "turma": "1F",
    "turno": "Noite",
    "foto": "semfoto.jpg",
    "data_hora": "02/02/2026 20:38:35",
    "tipo_acesso": "Acesso"
  },
  {
    "codigo": "261070001",
    "nome": "Logan Sargeant",
    "turma": "1G",
    "turno": "Manhã",
    "foto": "semfoto.jpg",
    "data_hora": "02/02/2026 20:38:35",
    "tipo_acesso": "Acesso"
  },
  {
    "codigo": "262170001",
    "nome": "Antonio Giovinazzi",
    "turma": "2J",
    "turno": "Tarde",
    "foto": "semfoto.jpg",
    "data_hora": "02/02/2026 20:38:36",
    "tipo_acesso": "Acesso"
  },
  {
    "codigo": "261160001",
    "nome": "Mick Schumacher",
    "turma": "2I",
    "turno": "Manhã",
    "foto": "semfoto.jpg",
    "data_hora": "02/02/2026 20:38:37",
    "tipo_acesso": "Acesso"
  },
  {
    "codigo": "263220001",
    "nome": "Kimi Raikkonen",
    "turma": "3G",
    "turno": "Noite",
    "foto": "semfoto.jpg",
    "data_hora": "02/02/2026 20:38:38",
    "tipo_acesso": "Acesso"
  },
  {
    "codigo": "262210001",
    "nome": "Sebastian Vettel",
    "turma": "3F",
    "turno": "Tarde",
    "foto": "semfoto.jpg",
    "data_hora": "02/02/2026 20:38:38",
    "tipo_acesso": "Acesso"
  },
  {
    "codigo": "263080002",
    "nome": "Robert Kubica",
    "turma": "1H",
    "turno": "Noite",
    "foto": "semfoto.jpg",
    "data_hora": "02/02/2026 20:38:40",
    "tipo_acesso": "Acesso"
  },
  {
    "codigo": "261260001",
    "nome": "Romain Grosjean",
    "turma": "3H",
    "turno": "Manhã",
    "foto": "semfoto.jpg",
    "data_hora": "02/02/2026 20:38:40",
    "tipo_acesso": "Acesso"
  },
  {
    "codigo": "262190001",
    "nome": "Daniil Kvyat",
    "turma": "2K",
    "turno": "Tarde",
    "foto": "semfoto.jpg",
    "data_hora": "02/02/2026 20:38:41",
    "tipo_acesso": "Acesso"
  },
  {
    "codigo": "263090001",
    "nome": "Stoffel Vandoorne",
    "turma": "1I",
    "turno": "Noite",
    "foto": "semfoto.jpg",
    "data_hora": "02/02/2026 20:38:42",
    "tipo_acesso": "Acesso"
  }
]